Workbook

Sheet Consolidado
A1: CONSOLIDADO — SINOSBYTE
A2: Preencha o Mês e o Ano de referência abaixo — todas as abas se ajustam sozinhas.
A4: Mês de referência (1 a 12): | D4: Ano de referência: | G4: Mês: | H4: =CHOOSE(B4,"JANEIRO","FEVEREIRO","MARÇO","ABRIL","MAIO","JUNHO","JULHO","AGOSTO","SETEMBRO","OUTUBRO","NOVEMBRO","DEZEMBRO") -> #NUM!
A6: Revise a coluna VALOR HORA (em azul) se houve reajuste. As colunas TOTAL DE HORAS e TOTAL R$ MENSAL são calculadas automaticamente a partir da aba de cada colaborador.
A8: COLABORADOR | B8: CARGO/FUNÇÃO | C8: SENIORIDADE | D8: NOME FORNECEDOR | E8: SQUAD | F8: RESPONSÁVEL IMEDIATO | G8: % ALOCAÇÃO | H8: VALOR HORA | I8: TOTAL DE HORAS | J8: TOTAL R$ MENSAL | K8: MÊS
I9: ='Nome Colaborador'!G40 -> 0 | J9: =H9*I9 -> 0 | K9: =$H$4 -> #NUM!

Sheet Nome Colaborador
A1: ="REGISTRO DE PONTO — George Harrison — SINOSBYTE — " & Consolidado!$H$4 & "/" & Consolidado!$E$4 -> #NUM!
A2: Preencha apenas as células amarelas (Entrada, Saída Almoço, Retorno Almoço, Saída). O Total de Horas e o Total do Mês são calculados automaticamente. O mês/ano é definido na aba Consolidado.
A4: Colaborador: | D4: Cargo: | G4: Empresa:
A5: Squad: | D5: Valor Hora (R$): | E5: =Consolidado!H9 | G5: Mês/Ano: | H5: =Consolidado!$H$4&"/"&Consolidado!$E$4 -> #NUM!
A7: Data | B7: Dia da Semana | C7: Entrada | D7: Saída Almoço | E7: Retorno Almoço | F7: Saída | G7: Total Horas | H7: Observações
A8: =IF(1<=DAY(EOMONTH(DATE(Consolidado!$E$4,Consolidado!$B$4,1),0)),DATE(Consolidado!$E$4,Consolidado!$B$4,1),"") -> #NUM! | B8: =IF(A8="","",CHOOSE(WEEKDAY(A8,2),"Segunda-feira","Terça-feira","Quarta-feira","Quinta-feira","Sexta-feira","Sábado","Domingo")) -> #NUM! | G8: =IF(OR(C8="",D8="",E8="",F8=""),"",(D8-C8)*24+(F8-E8)*24)
A9: =IF(2<=DAY(EOMONTH(DATE(Consolidado!$E$4,Consolidado!$B$4,1),0)),DATE(Consolidado!$E$4,Consolidado!$B$4,2),"") -> #NUM! | B9: =IF(A9="","",CHOOSE(WEEKDAY(A9,2),"Segunda-feira","Terça-feira","Quarta-feira","Quinta-feira","Sexta-feira","Sábado","Domingo")) -> #NUM! | G9: =IF(OR(C9="",D9="",E9="",F9=""),"",(D9-C9)*24+(F9-E9)*24)
A10: =IF(3<=DAY(EOMONTH(DATE(Consolidado!$E$4,Consolidado!$B$4,1),0)),DATE(Consolidado!$E$4,Consolidado!$B$4,3),"") -> #NUM! | B10: =IF(A10="","",CHOOSE(WEEKDAY(A10,2),"Segunda-feira","Terça-feira","Quarta-feira","Quinta-feira","Sexta-feira","Sábado","Domingo")) -> #NUM! | G10: =IF(OR(C10="",D10="",E10="",F10=""),"",(D10-C10)*24+(F10-E10)*24)
A11: =IF(4<=DAY(EOMONTH(DATE(Consolidado!$E$4,Consolidado!$B$4,1),0)),DATE(Consolidado!$E$4,Consolidado!$B$4,4),"") -> #NUM! | B11: =IF(A11="","",CHOOSE(WEEKDAY(A11,2),"Segunda-feira","Terça-feira","Quarta-feira","Quinta-feira","Sexta-feira","Sábado","Domingo")) -> #NUM! | G11: =IF(OR(C11="",D11="",E11="",F11=""),"",(D11-C11)*24+(F11-E11)*24)
A12: =IF(5<=DAY(EOMONTH(DATE(Consolidado!$E$4,Consolidado!$B$4,1),0)),DATE(Consolidado!$E$4,Consolidado!$B$4,5),"") -> #NUM! | B12: =IF(A12="","",CHOOSE(WEEKDAY(A12,2),"Segunda-feira","Terça-feira","Quarta-feira","Quinta-feira","Sexta-feira","Sábado","Domingo")) -> #NUM! | G12: =IF(OR(C12="",D12="",E12="",F12=""),"",(D12-C12)*24+(F12-E12)*24)
A13: =IF(6<=DAY(EOMONTH(DATE(Consolidado!$E$4,Consolidado!$B$4,1),0)),DATE(Consolidado!$E$4,Consolidado!$B$4,6),"") -> #NUM! | B13: =IF(A13="","",CHOOSE(WEEKDAY(A13,2),"Segunda-feira","Terça-feira","Quarta-feira","Quinta-feira","Sexta-feira","Sábado","Domingo")) -> #NUM! | G13: =IF(OR(C13="",D13="",E13="",F13=""),"",(D13-C13)*24+(F13-E13)*24)
A14: =IF(7<=DAY(EOMONTH(DATE(Consolidado!$E$4,Consolidado!$B$4,1),0)),DATE(Consolidado!$E$4,Consolidado!$B$4,7),"") -> #NUM! | B14: =IF(A14="","",CHOOSE(WEEKDAY(A14,2),"Segunda-feira","Terça-feira","Quarta-feira","Quinta-feira","Sexta-feira","Sábado","Domingo")) -> #NUM! | G14: =IF(OR(C14="",D14="",E14="",F14=""),"",(D14-C14)*24+(F14-E14)*24)
A15: =IF(8<=DAY(EOMONTH(DATE(Consolidado!$E$4,Consolidado!$B$4,1),0)),DATE(Consolidado!$E$4,Consolidado!$B$4,8),"") -> #NUM! | B15: =IF(A15="","",CHOOSE(WEEKDAY(A15,2),"Segunda-feira","Terça-feira","Quarta-feira","Quinta-feira","Sexta-feira","Sábado","Domingo")) -> #NUM! | G15: =IF(OR(C15="",D15="",E15="",F15=""),"",(D15-C15)*24+(F15-E15)*24)
A16: =IF(9<=DAY(EOMONTH(DATE(Consolidado!$E$4,Consolidado!$B$4,1),0)),DATE(Consolidado!$E$4,Consolidado!$B$4,9),"") -> #NUM! | B16: =IF(A16="","",CHOOSE(WEEKDAY(A16,2),"Segunda-feira","Terça-feira","Quarta-feira","Quinta-feira","Sexta-feira","Sábado","Domingo")) -> #NUM! | G16: =IF(OR(C16="",D16="",E16="",F16=""),"",(D16-C16)*24+(F16-E16)*24)
A17: =IF(10<=DAY(EOMONTH(DATE(Consolidado!$E$4,Consolidado!$B$4,1),0)),DATE(Consolidado!$E$4,Consolidado!$B$4,10),"") -> #NUM! | B17: =IF(A17="","",CHOOSE(WEEKDAY(A17,2),"Segunda-feira","Terça-feira","Quarta-feira","Quinta-feira","Sexta-feira","Sábado","Domingo")) -> #NUM! | G17: =IF(OR(C17="",D17="",E17="",F17=""),"",(D17-C17)*24+(F17-E17)*24)
A18: =IF(11<=DAY(EOMONTH(DATE(Consolidado!$E$4,Consolidado!$B$4,1),0)),DATE(Consolidado!$E$4,Consolidado!$B$4,11),"") -> #NUM! | B18: =IF(A18="","",CHOOSE(WEEKDAY(A18,2),"Segunda-feira","Terça-feira","Quarta-feira","Quinta-feira","Sexta-feira","Sábado","Domingo")) -> #NUM! | G18: =IF(OR(C18="",D18="",E18="",F18=""),"",(D18-C18)*24+(F18-E18)*24)
A19: =IF(12<=DAY(EOMONTH(DATE(Consolidado!$E$4,Consolidado!$B$4,1),0)),DATE(Consolidado!$E$4,Consolidado!$B$4,12),"") -> #NUM! | B19: =IF(A19="","",CHOOSE(WEEKDAY(A19,2),"Segunda-feira","Terça-feira","Quarta-feira","Quinta-feira","Sexta-feira","Sábado","Domingo")) -> #NUM! | G19: =IF(OR(C19="",D19="",E19="",F19=""),"",(D19-C19)*24+(F19-E19)*24)
A20: =IF(13<=DAY(EOMONTH(DATE(Consolidado!$E$4,Consolidado!$B$4,1),0)),DATE(Consolidado!$E$4,Consolidado!$B$4,13),"") -> #NUM! | B20: =IF(A20="","",CHOOSE(WEEKDAY(A20,2),"Segunda-feira","Terça-feira","Quarta-feira","Quinta-feira","Sexta-feira","Sábado","Domingo")) -> #NUM! | G20: =IF(OR(C20="",D20="",E20="",F20=""),"",(D20-C20)*24+(F20-E20)*24)
A21: =IF(14<=DAY(EOMONTH(DATE(Consolidado!$E$4,Consolidado!$B$4,1),0)),DATE(Consolidado!$E$4,Consolidado!$B$4,14),"") -> #NUM! | B21: =IF(A21="","",CHOOSE(WEEKDAY(A21,2),"Segunda-feira","Terça-feira","Quarta-feira","Quinta-feira","Sexta-feira","Sábado","Domingo")) -> #NUM! | G21: =IF(OR(C21="",D21="",E21="",F21=""),"",(D21-C21)*24+(F21-E21)*24)
A22: =IF(15<=DAY(EOMONTH(DATE(Consolidado!$E$4,Consolidado!$B$4,1),0)),DATE(Consolidado!$E$4,Consolidado!$B$4,15),"") -> #NUM! | B22: =IF(A22="","",CHOOSE(WEEKDAY(A22,2),"Segunda-feira","Terça-feira","Quarta-feira","Quinta-feira","Sexta-feira","Sábado","Domingo")) -> #NUM! | G22: =IF(OR(C22="",D22="",E22="",F22=""),"",(D22-C22)*24+(F22-E22)*24)
A23: =IF(16<=DAY(EOMONTH(DATE(Consolidado!$E$4,Consolidado!$B$4,1),0)),DATE(Consolidado!$E$4,Consolidado!$B$4,16),"") -> #NUM! | B23: =IF(A23="","",CHOOSE(WEEKDAY(A23,2),"Segunda-feira","Terça-feira","Quarta-feira","Quinta-feira","Sexta-feira","Sábado","Domingo")) -> #NUM! | G23: =IF(OR(C23="",D23="",E23="",F23=""),"",(D23-C23)*24+(F23-E23)*24)
A24: =IF(17<=DAY(EOMONTH(DATE(Consolidado!$E$4,Consolidado!$B$4,1),0)),DATE(Consolidado!$E$4,Consolidado!$B$4,17),"") -> #NUM! | B24: =IF(A24="","",CHOOSE(WEEKDAY(A24,2),"Segunda-feira","Terça-feira","Quarta-feira","Quinta-feira","Sexta-feira","Sábado","Domingo")) -> #NUM! | G24: =IF(OR(C24="",D24="",E24="",F24=""),"",(D24-C24)*24+(F24-E24)*24)
A25: =IF(18<=DAY(EOMONTH(DATE(Consolidado!$E$4,Consolidado!$B$4,1),0)),DATE(Consolidado!$E$4,Consolidado!$B$4,18),"") -> #NUM! | B25: =IF(A25="","",CHOOSE(WEEKDAY(A25,2),"Segunda-feira","Terça-feira","Quarta-feira","Quinta-feira","Sexta-feira","Sábado","Domingo")) -> #NUM! | G25: =IF(OR(C25="",D25="",E25="",F25=""),"",(D25-C25)*24+(F25-E25)*24)
A26: =IF(19<=DAY(EOMONTH(DATE(Consolidado!$E$4,Consolidado!$B$4,1),0)),DATE(Consolidado!$E$4,Consolidado!$B$4,19),"") -> #NUM! | B26: =IF(A26="","",CHOOSE(WEEKDAY(A26,2),"Segunda-feira","Terça-feira","Quarta-feira","Quinta-feira","Sexta-feira","Sábado","Domingo")) -> #NUM! | G26: =IF(OR(C26="",D26="",E26="",F26=""),"",(D26-C26)*24+(F26-E26)*24)
A27: =IF(20<=DAY(EOMONTH(DATE(Consolidado!$E$4,Consolidado!$B$4,1),0)),DATE(Consolidado!$E$4,Consolidado!$B$4,20),"") -> #NUM! | B27: =IF(A27="","",CHOOSE(WEEKDAY(A27,2),"Segunda-feira","Terça-feira","Quarta-feira","Quinta-feira","Sexta-feira","Sábado","Domingo")) -> #NUM! | G27: =IF(OR(C27="",D27="",E27="",F27=""),"",(D27-C27)*24+(F27-E27)*24)
A28: =IF(21<=DAY(EOMONTH(DATE(Consolidado!$E$4,Consolidado!$B$4,1),0)),DATE(Consolidado!$E$4,Consolidado!$B$4,21),"") -> #NUM! | B28: =IF(A28="","",CHOOSE(WEEKDAY(A28,2),"Segunda-feira","Terça-feira","Quarta-feira","Quinta-feira","Sexta-feira","Sábado","Domingo")) -> #NUM! | G28: =IF(OR(C28="",D28="",E28="",F28=""),"",(D28-C28)*24+(F28-E28)*24)
A29: =IF(22<=DAY(EOMONTH(DATE(Consolidado!$E$4,Consolidado!$B$4,1),0)),DATE(Consolidado!$E$4,Consolidado!$B$4,22),"") -> #NUM! | B29: =IF(A29="","",CHOOSE(WEEKDAY(A29,2),"Segunda-feira","Terça-feira","Quarta-feira","Quinta-feira","Sexta-feira","Sábado","Domingo")) -> #NUM! | G29: =IF(OR(C29="",D29="",E29="",F29=""),"",(D29-C29)*24+(F29-E29)*24)
A30: =IF(23<=DAY(EOMONTH(DATE(Consolidado!$E$4,Consolidado!$B$4,1),0)),DATE(Consolidado!$E$4,Consolidado!$B$4,23),"") -> #NUM! | B30: =IF(A30="","",CHOOSE(WEEKDAY(A30,2),"Segunda-feira","Terça-feira","Quarta-feira","Quinta-feira","Sexta-feira","Sábado","Domingo")) -> #NUM! | G30: =IF(OR(C30="",D30="",E30="",F30=""),"",(D30-C30)*24+(F30-E30)*24)
A31: =IF(24<=DAY(EOMONTH(DATE(Consolidado!$E$4,Consolidado!$B$4,1),0)),DATE(Consolidado!$E$4,Consolidado!$B$4,24),"") -> #NUM! | B31: =IF(A31="","",CHOOSE(WEEKDAY(A31,2),"Segunda-feira","Terça-feira","Quarta-feira","Quinta-feira","Sexta-feira","Sábado","Domingo")) -> #NUM! | G31: =IF(OR(C31="",D31="",E31="",F31=""),"",(D31-C31)*24+(F31-E31)*24)
A32: =IF(25<=DAY(EOMONTH(DATE(Consolidado!$E$4,Consolidado!$B$4,1),0)),DATE(Consolidado!$E$4,Consolidado!$B$4,25),"") -> #NUM! | B32: =IF(A32="","",CHOOSE(WEEKDAY(A32,2),"Segunda-feira","Terça-feira","Quarta-feira","Quinta-feira","Sexta-feira","Sábado","Domingo")) -> #NUM! | G32: =IF(OR(C32="",D32="",E32="",F32=""),"",(D32-C32)*24+(F32-E32)*24)
A33: =IF(26<=DAY(EOMONTH(DATE(Consolidado!$E$4,Consolidado!$B$4,1),0)),DATE(Consolidado!$E$4,Consolidado!$B$4,26),"") -> #NUM! | B33: =IF(A33="","",CHOOSE(WEEKDAY(A33,2),"Segunda-feira","Terça-feira","Quarta-feira","Quinta-feira","Sexta-feira","Sábado","Domingo")) -> #NUM! | G33: =IF(OR(C33="",D33="",E33="",F33=""),"",(D33-C33)*24+(F33-E33)*24)
A34: =IF(27<=DAY(EOMONTH(DATE(Consolidado!$E$4,Consolidado!$B$4,1),0)),DATE(Consolidado!$E$4,Consolidado!$B$4,27),"") -> #NUM! | B34: =IF(A34="","",CHOOSE(WEEKDAY(A34,2),"Segunda-feira","Terça-feira","Quarta-feira","Quinta-feira","Sexta-feira","Sábado","Domingo")) -> #NUM! | G34: =IF(OR(C34="",D34="",E34="",F34=""),"",(D34-C34)*24+(F34-E34)*24)
A35: =IF(28<=DAY(EOMONTH(DATE(Consolidado!$E$4,Consolidado!$B$4,1),0)),DATE(Consolidado!$E$4,Consolidado!$B$4,28),"") -> #NUM! | B35: =IF(A35="","",CHOOSE(WEEKDAY(A35,2),"Segunda-feira","Terça-feira","Quarta-feira","Quinta-feira","Sexta-feira","Sábado","Domingo")) -> #NUM! | G35: =IF(OR(C35="",D35="",E35="",F35=""),"",(D35-C35)*24+(F35-E35)*24)
A36: =IF(29<=DAY(EOMONTH(DATE(Consolidado!$E$4,Consolidado!$B$4,1),0)),DATE(Consolidado!$E$4,Consolidado!$B$4,29),"") -> #NUM! | B36: =IF(A36="","",CHOOSE(WEEKDAY(A36,2),"Segunda-feira","Terça-feira","Quarta-feira","Quinta-feira","Sexta-feira","Sábado","Domingo")) -> #NUM! | G36: =IF(OR(C36="",D36="",E36="",F36=""),"",(D36-C36)*24+(F36-E36)*24)
A37: =IF(30<=DAY(EOMONTH(DATE(Consolidado!$E$4,Consolidado!$B$4,1),0)),DATE(Consolidado!$E$4,Consolidado!$B$4,30),"") -> #NUM! | B37: =IF(A37="","",CHOOSE(WEEKDAY(A37,2),"Segunda-feira","Terça-feira","Quarta-feira","Quinta-feira","Sexta-feira","Sábado","Domingo")) -> #NUM! | G37: =IF(OR(C37="",D37="",E37="",F37=""),"",(D37-C37)*24+(F37-E37)*24)
A38: =IF(31<=DAY(EOMONTH(DATE(Consolidado!$E$4,Consolidado!$B$4,1),0)),DATE(Consolidado!$E$4,Consolidado!$B$4,31),"") -> #NUM! | B38: =IF(A38="","",CHOOSE(WEEKDAY(A38,2),"Segunda-feira","Terça-feira","Quarta-feira","Quinta-feira","Sexta-feira","Sábado","Domingo")) -> #NUM! | G38: =IF(OR(C38="",D38="",E38="",F38=""),"",(D38-C38)*24+(F38-E38)*24)
F40: TOTAL HORAS DO MÊS | G40: =SUM(G8:G38) -> 0
F41: TOTAL R$ MENSAL (estimado) | G41: =G40*E5 -> 0
